{
    "!": 0.782583419738937,
    "&": 1.6746367968907643,
    "'": 0.46215979243578187,
    "$": 1.47552104977532,
    "%": 1.773282818114597,
    "£": 1.4167835741580772,
    "+": 1.2697495651012498,
    "(": 1.174076387420754,
    ")": 1.1760263389873253,
    ".": 0.3534952165615652,
    "/": 1.2220132132319497,
    ",": 0.5627875836201995,
    "-": 0.4173522613119735,
    "3": 1.309049174227119,
    "2": 1.305607383651079,
    "1": 1.0517907877694601,
    "0": 1.367087907710486,
    "7": 1.3464092352950736,
    "6": 1.3772773546288264,
    "5": 1.3435086952574327,
    "4": 1.4073549093372315,
    ";": 0.8243191501609275,
    ":": 0.6440231565009689,
    "9": 1.3581888425235367,
    "8": 1.3500010254794852,
    "?": 1.2059592309284082,
    "D": 1.6461916795207663,
    "E": 1.4605901930322736,
    "F": 1.4160750246887415,
    "G": 1.6751483235903708,
    "@": 1.8254759839633303,
    "A": 1.668889164879837,
    "B": 1.4967227142131592,
    "C": 1.5843031046649934,
    "L": 1.4542906756804324,
    "M": 1.8388385567538519,
    "N": 1.691666402168374,
    "O": 1.6866772134927281,
    "H": 1.656867748913612,
    "I": 1.0391056627804591,
    "J": 1.256173988804262,
    "K": 1.6183718207489663,
    "U": 1.6803010256565836,
    "T": 1.517859462942989,
    "W": 1.9764991788394841,
    "V": 1.6749698079877893,
    "Q": 1.8821022824074767,
    "P": 1.433241123481771,
    "S": 1.3770771869804648,
    "R": 1.5898984239475629,
    "Y": 1.6327575136919077,
    "X": 1.6310933943649237,
    "Z": 1.5376984608706337,
    "f": 1.254867641435316,
    "g": 1.3911079074348336,
    "d": 1.4548370494587761,
    "e": 1.1155860399198225,
    "b": 1.4671525643512058,
    "c": 1.1030187391469592,
    "a": 1.1458228198559743,
    "n": 1.180406011849224,
    "o": 1.182600046287185,
    "l": 0.9667467137585112,
    "m": 1.4728664719342484,
    "j": 1.209171993451588,
    "k": 1.4530803630025113,
    "h": 1.4385906612192332,
    "i": 0.952322941224455,
    "w": 1.441310835572025,
    "v": 1.1940825637289745,
    "u": 1.187393933242088,
    "t": 1.0490057938961221,
    "s": 0.9960481749723749,
    "r": 0.9784778797281346,
    "q": 1.430306103043781,
    "p": 1.432802631670465,
    "z": 1.0874458375481602,
    "y": 1.4208739348559383,
    "x": 1.1649100606106926
}