{
    "!": 0.21085229966808913,
    "&": 0.9798976608187133,
    "'": 0.390625,
    "$": 0.5228098193896338,
    "%": 1.0535305041883989,
    "£": 0.7100225225225225,
    "+": 1.0089285714285714,
    "(": 0.31357957356844046,
    ")": 0.3140743781206423,
    ".": 0.96875,
    "/": 0.42736012328117595,
    ",": 0.6140231092436975,
    "-": 2.7,
    "3": 0.6064189189189189,
    "2": 0.7186507936507937,
    "1": 0.4722222222222222,
    "0": 0.7552681992337164,
    "7": 0.6411411411411412,
    "6": 0.652659238185554,
    "5": 0.6298798798798799,
    "4": 0.7201308451308451,
    ";": 0.2857204465363858,
    ":": 0.2906410256410257,
    "9": 0.6437687687687688,
    "8": 0.6359649122807018,
    "?": 0.50358582266477,
    "D": 0.9870709995709995,
    "E": 0.7861271986271986,
    "F": 0.7365240240240241,
    "G": 0.9665718349928876,
    "@": 0.9874340260597063,
    "A": 1.0015444015444015,
    "B": 0.8204954954954955,
    "C": 0.8644302196933775,
    "L": 0.7791827541827542,
    "M": 1.2323841698841698,
    "N": 1.000563063063063,
    "O": 0.9798877825193615,
    "H": 1.0015336765336764,
    "I": 0.408011583011583,
    "J": 0.5290348488022907,
    "K": 0.9612022737022736,
    "U": 0.9868618618618619,
    "T": 0.8403689403689404,
    "W": 1.3626126126126126,
    "V": 0.9799174174174174,
    "Q": 0.7869251020846765,
    "P": 0.7494637494637495,
    "S": 0.6530346135609293,
    "R": 0.9252895752895753,
    "Y": 0.9741312741312742,
    "X": 0.9747050622050621,
    "Z": 0.8608376233376234,
    "f": 0.5193376068376069,
    "g": 0.6689189189189189,
    "d": 0.6737800300300301,
    "e": 0.8551851851851852,
    "b": 0.6756092983227129,
    "c": 0.8366666666666666,
    "a": 0.8863390313390314,
    "n": 1.0242165242165242,
    "o": 0.9614814814814814,
    "l": 0.3140491452991453,
    "m": 1.5893874643874646,
    "j": 0.2979416262342125,
    "k": 0.7028617216117217,
    "h": 0.6896672771672772,
    "i": 0.32253748109011265,
    "w": 1.4557549857549859,
    "v": 1.0000284900284901,
    "u": 0.9900569800569801,
    "t": 0.4841445467483181,
    "s": 0.6825925925925926,
    "r": 0.7065527065527065,
    "q": 0.6979323308270677,
    "p": 0.7097249034749035,
    "z": 0.8806089743589743,
    "y": 0.7073210573210573,
    "x": 1.0120192307692308
}